COD_ORACLE;UBICACION ;TIPO;DESCRIPCION ;COD_ACTIVO ;ESTADO;FABRICANTE;PAIS_ORIGEN ;AÑO_FABRICACION ;MODELO;SERIE;PESO;VOLTAJE (V);POTENCIA (KW);CONSUMO (KW);CONEXION
MQ02100;GINEBRA;PRENSA;PRENSA HERLAN 0210;121575;ACTIVO ;AFONS MALL K.G.;ALEMANIA;1959;----;----;----;440;----;----;TRAFO #1 DE 1000KVA -440VSUB ESTACIÓN #2
MQ05400;GINEBRA;PRENSA;PRENSA SCHULER 5-510 - LINEA #5;----;ACTIVO ;----;----;----;----;----;----;440;----;----;TRAFO #1 DE 1000KVA -440VSUB ESTACIÓN #2
MQ07400;GINEBRA;PRENSA;PRENSA - LINEA #7;122267;ACTIVO ;ING. MONTOLI;ITALIA;1990;DS2BFT4;----;----;440;----;----;TRAFO #1 DE 1000KVA -440VSUB ESTACIÓN #2
MQ35107;GINEBRA;TERMOFORMADORA;TERMOFORMADORA RDK 54 ESTEPA;120183;ACTIVO ;ADOLF ILLIG MASCHINENBAU GMBH & CO;ALEMANIA;1997;RDK 54;----;----;440;----;----;TRAFO #1 DE 1000KVA -440VSUB ESTACIÓN #2
MQ25010;GINEBRA;EXTRUSORA;EXTRUSORA WELEX 2501;122260;ACTIVO ;Welex Inc- Welex Blue Bell, Pa.;EEUU;1997;45 30D;6438;----;440;----;----;TRAFO #1 DE 1000KVA -440VSUB ESTACIÓN #2
MQ15020;GINEBRA;EXTRUSORA;EXTRUSORA WELEX 2502;----;ACTIVO ;Welex Inc- Welex Blue Bell, Pa.;EEUU;----;250 30:1;5850;----;440;----;----;TRAFO #1 DE 1000KVASUB ESTACIÓN #1
MQ35034;GINEBRA;EMPACADORA;EMPACADORA RENNCO #4;000695/000360;ACTIVO ;RENNCO;EEUU;----;VOYAGER;XRV1424I5653AA;----;440;----;----;TRAFO #1 DE 1000KVASUB ESTACIÓN #1
MQ35055;GINEBRA;TERMOFORMADORA;TERMOFORMADORA GABLER M92 XL # 3;121230/120754;ACTIVO ;GABLER;ALEMANIA;2011;M92XL;5306;9200;440;----;----;TRAFO #1 DE 1000KVASUB ESTACIÓN #1
MQ35040;GINEBRA;EMPACADORA;EMPACADORA RENNCO #3;----;ACTIVO ;RENNCO;EEUU;;INCLINE;M0005173;----;440;----;----;TRAFO #1 DE 1000KVASUB ESTACIÓN #1
MQ35029;GINEBRA;TERMOFORMADORA;TERMOFORMADORA GABLER M92 XL #1+RENCO;122846/295608;ACTIVO ;GABLER;ALEMANIA;2007;M92XL;4951;9200;440;----;----;TRAFO #1 DE 1000KVASUB ESTACIÓN #1
MQ35033;GINEBRA;EMPACADORA;EMPACADORA RENNCO #2;----;ACTIVO ;RENNCO;EEUU;----;DCCONV;M8005080;----;440;----;----;TRAFO #1 DE 1000KVASUB ESTACIÓN #1
MQ25520;GINEBRA;IMPRESORA;IMPRESORA VAN DAM 580  2552;121068;ACTIVO ;VAN DAM;HOLANDA;2002;----;C-700596;----;440;----;----;TRAFO #1 DE 1000KVASUB ESTACIÓN #1
MQ35038;GINEBRA;TERMOFORMADORA;TERMOFORMADORA RDK54 #2  35038;122520;ACTIVO ;ILLIG Maschinenbau GmbH & Co.;ALEMANIA;2008;RDK 54;531-0438;----;440;----;----;TRAFO #2 DE 1000KVASUB ESTACIÓN #2
MQ06100;GINEBRA;PRENSA;PRENSADORA COLAPSIBLES LINEA #6;----;ACTIVO ;HERLAN;ALEMANIA;1977;----;----;----;440;----;----;TRAFO #2 DE 1000KVASUB ESTACIÓN #2
MQ04400;GINEBRA;PRENSA;LINEA AUT SCHULER HERLAN 4;122580;ACTIVO ;SPRIMAG;ALEMANIA;1979;----;----;----;220;----;----;TRAFO #2 DE 1000KVASUB ESTACIÓN #2
MQ80227;GINEBRA;TERMOFORMADORA BAJA VELOCIDAD;TERMOFORMADORA ILLIG SB 22925 (TAIWANESA);120129;ACTIVO ;TRADE MARK SUN JAU MACHINERY CO., LTD;CHINA;1930;S-133;----;----;220;----;----;TRAFO #2 DE 1000KVASUB ESTACIÓN #2
MQ15300;GINEBRA;TERMOFORMADORA;TERMOFORMADORA RDKP72;120251;ACTIVO ;ADOLF ILLIG MASCHINENBAU GMBH & CO;ALEMANIA;1985;RDKP 72;----;----;220;----;----;TRAFO #2 DE 1000KVASUB ESTACIÓN #2
MQ15310;GINEBRA;TERMOFORMADORA;TERMOFORMADORA RDKP54 1531;122730;ACTIVO ;ADOLF ILLIG MASCHINENBAU GMBH & CO;ALEMANIA;1985;RDKP 54C;----;----;220;----;----;TRAFO #2 DE 1000KVASUB ESTACIÓN #2
MQ35065;GINEBRA;TERMOFORMADORA;TERMOFORMADORA ILLIG RDKP72D 35065;296559;ACTIVO ;ADOLF ILLIG MASCHINENBAU GMBH & CO;ALEMANIA;1995;RDKP 72D;----;----;220;----;----;TRAFO #2 DE 1000KVASUB ESTACIÓN #2
MQ15270;GINEBRA;TERMOFORMADORA;TERMOFORMADORA 2513 (PLFRM)-1527;122018;ACTIVO ;ADOLF ILLIG MASCHINENBAU GMBH & CO;ALEMANIA;1995;----;----;----;220;----;----;TRAFO #2 DE 1000KVASUB ESTACIÓN #2
MQ25110;GINEBRA;TERMOFORMADORA;TERMOFORMADORA 50K  2511;120297/121860/122576;ACTIVO ;ADOLF ILLIG MASCHINENBAU GMBH & CO;----;1997;RDM 50K;----;----;220;----;----;TRAFO #2 DE 1000KVASUB ESTACIÓN #2
MQ25090;GINEBRA;TERMOFORMADORA;TERMOFORMADORA RDK54 #1 25090;119939/120446/120295;ACTIVO ;ADOLF ILLIG MASCHINENBAU GMBH & CO;----;2002;RDK 54;----;----;440;----;----;TRAFO #2 DE 1000KVASUB ESTACIÓN #2
MQ25810;GINEBRA;EMPACADORA;EMPACADORA RENNCO #1;----;ACTIVO ;RENNCO;EEUU;----;DC;M8004666;;220;----;----;TRAFO #2 DE 1000KVASUB ESTACIÓN #2
MQ81450;GINEBRA;LLENADORA;LLENADORA  COMADIS;----;ACTIVO ;----;----;----;----;----;----;220;----;----;TRAFO #2 DE 1000KVASUB ESTACIÓN #2
MQ12682;GINEBRA;SELLADORA;SELLADORA AUTOMATICA;121141;ACTIVO ;----;----;----;----;----;----;220;----;----;TRAFO #2 DE 1000KVASUB ESTACIÓN #2
MQ35061;GINEBRA;ESPUMADO;TERMOFORMADORA COMMODORE SX-28 F02;297692;ACTIVO ;COMMODORE;----;----;SX-28;SX-28071010689F02;----;440;----;----;TRAFO #2 DE 500KVASUB ESTACIÓN #1
MQ35062;GINEBRA;ESPUMADO;TERMOFORMADORA COMMODORE SX-28 F03;297693/120567;ACTIVO ;COMMODORE;----;----;SX-28;SX-28071010689F03;----;440;----;----;TRAFO #2 DE 500KVASUB ESTACIÓN #1
MQ35060;GINEBRA;ESPUMADO;TERMOFORMADORA COMMODORE SX-28 F01;227892/121284;ACTIVO ;COMMODORE;----;----;SX-28;SX-28071010689F01;----;440;----;----;TRAFO #2 DE 500KVASUB ESTACIÓN #1
MQ35069;GINEBRA;TERMOFORMADORA;TERMOFORMADORA COMMODORE SX-28 F04;121909;ACTIVO ;COMMODORE;EEUU;2000;730-28;3531;----;440;----;----;TRAFO #2 DE 500KVASUB ESTACIÓN #1
MQ35049;GINEBRA;EXTRUSORA;EXTRUSORA DE ESPUMA BATTENFELD #01 ;119734;ACTIVO ;BATTENFELD GLOUCESTER ENGINEERING;EEUU;1992;168 WINDER;34272-26;----;440;----;----;TRAFO #2 DE 500KVASUB ESTACIÓN #1
MQ35059;GINEBRA;EXTRUSORA ;EXTRUSORA COMMODORE 035-045;122902;ACTIVO ;COMMODORE;----;----;PR-38;PR-36071010688P01;----;440;----;----;TRAFO #2 DE 500KVASUB ESTACIÓN #1
MQ35064;GINEBRA;MOLINO;MOLINO COMMODORE AG-40;122412;ACTIVO ;COMMODORE;----;----;AG-40;AG-4007101060A01;----;440;----;----;TRAFO #2 DE 500KVASUB ESTACIÓN #1
MQ35063;GINEBRA;PALETIZADORA;PELETIZADORA CHI-CHANG;----;ACTIVO ;----;----;----;----;----;----;440;----;----;TRAFO #2 DE 500KVASUB ESTACIÓN #1
MQ35099;GINEBRA;TERMOFORMADORA;TERMOFORMADORA GABLER D600;459920/120386;ACTIVO ;ADOLF ILLIG MASCHINENBAU GMBH & CO;----;1997/1996;----;----;----;440;----;----;TRAFO #3 DE 1250KVASUB ESTACIÓN #1
MQ35092;GINEBRA;TERMOFORMADORA;THERMO RUNNER TR4 #1;120256;ACTIVO ;MOULD&MATIC;----;2010;----;----;----;440;----;----;TRAFO #3 DE 1250KVASUB ESTACIÓN #1
MQ35187;GINEBRA;TERMOFORMADORA; THERMO RUNNER TR4 #2;119944/123008;ACTIVO ;MOULD&MATIC;----;2009;----;----;----;440;----;----;TRAFO #3 DE 1250KVASUB ESTACIÓN #1
MQ35074;GINEBRA;TERMOFORMADORA;TERMOFORMADORA HONGHUA;121813;ACTIVO ;ASTCH TECHNICAL AUTOMATION SERVICE S A;PERO;2016;CAMI-100;ADV-302-16;----;220;----;----;TRAFO #3 DE 1250KVASUB ESTACIÓN #1
MQ30111;GINEBRA;INYECTORA;INYECTORA HAITIAN 3011;----;ACTIVO ;HAITIAN PLASTICS MACHINERY;----;----;----;----;----;220;----;----;TRAFO #3 DE 1250KVASUB ESTACIÓN #1
MQ35037;GINEBRA;INYECTORA;INYECTORA FROMAG;122073;ACTIVO ;ELMOT-SCHAFER;ALEMANIA;----;----;----;----;220;----;----;TRAFO #3 DE 1250KVASUB ESTACIÓN #1
MQ35058;GINEBRA;INYECTORA;INYECTORA WELLECT;123006;ACTIVO ;WELLTEC;JAPON;2011;TTI-190SE;DH-20500966/50;6000;220;----;----;TRAFO #3 DE 1250KVASUB ESTACIÓN #1
MQ15220;GINEBRA;TERMOFORMADORA;TERMOFORMADORA ILLIG 1522;121786/122518;ACTIVO ;ADOLF ILLIG MASCHINENBAU GMBH & CO;ALEMANIA;1978;RDM 37/10;----;----;220;----;----;TRAFO #3 DE 1250KVASUB ESTACIÓN #1
MQ15170;GINEBRA;TERMOFORMADORA;TERMOFORMADORA ILLIG 1517;120958/121787;ACTIVO ;ADOLF ILLIG MASCHINENBAU GMBH & CO;ALEMANIA;----;----;----;----;220;----;----;TRAFO #3 DE 1250KVASUB ESTACIÓN #1
MQ15230;GINEBRA;TERMOFORMADORA;TERMOFORMADORA ILLIG 1523;122302;ACTIVO ;ADOLF ILLIG MASCHINENBAU GMBH & CO;----;1971;RDM 37/10;----;----;220;----;----;TRAFO #3 DE 1250KVASUB ESTACIÓN #1
MQ15280;GINEBRA;TERMOFORMADORA;TERMOFORMADORA ILLIG 1528;120190/120956;ACTIVO ;----;----;----;----;----;----;220;----;----;TRAFO #3 DE 1250KVASUB ESTACIÓN #1
MQ15290;GINEBRA;TERMOFORMADORA;TERMOFORMADORA 1529 CESA-3 3710;121750/119773;ACTIVO ;;COLOMBIA;2018;----;----;----;220;----;----;TRAFO #3 DE 1250KVASUB ESTACIÓN #1
MQ35039;GINEBRA;TERMOFORMADORA;TERMOFORMADORA GABLER M92 XL # 2+RENCO;123007/121715/120390;ACTIVO ;GABLER;ALEMANIA;2008;M92XL;5068;9200;440;----;----;TRAFO #3 DE 1250KVASUB ESTACIÓN #1
MQ15530;GINEBRA;IMPRESORA;IMPRESORA VAN DAM 560 1553;120755;ACTIVO ;VAN DAM;HOLANDA;2011;560 AAPT;C-80976;----;380;----;----;TRAFO #3 DE 1250KVASUB ESTACIÓN #1
MQ25500;GINEBRA;IMPRESORA;IMPRESORA VANDAM 560 2550;122409;ACTIVO ;VAN DAM;HOLANDA;1993;560 IR;C-21700;----;220;----;----;TRAFO #3 DE 1250KVASUB ESTACIÓN #1
MQ25510;GINEBRA;IMPRESORA;IMPRESORA VAN DAM 560  2551;122907;ACTIVO ;VAN DAM;HOLANDA;1992;560 IR;C-22160;----;220;----;----;TRAFO #3 DE 1250KVASUB ESTACIÓN #1
MQ15510;GINEBRA;IMPRESORA;IMPRESORA VAN DAM 460  1551;----;ACTIVO ;VAN DAM;HOLANDA;----;----;----;----;220;----;----;TRAFO #3 DE 1250KVASUB ESTACIÓN #1
MQ15550;GINEBRA;IMPRESORA;IMPRESORA VAN DAM 560  1555;120091;ACTIVO ;VAN DAM;HOLANDA;----;560 IR;C-00181;----;220;----;----;TRAFO #3 DE 1250KVASUB ESTACIÓN #1
MQ35026;GINEBRA;TORNO;TORNO PINACHO 1;119843;ACTIVO ;----;----;----;A.74;----;----;220;----;----;TRAFO #3 DE 1250KVASUB ESTACIÓN #1
MQ35098;GINEBRA;TORNO;TORNO ROMI 2;119928;ACTIVO ;ROMI;BRAZIL;2008;C420;002-094687-448;2800;380;----;----;TRAFO #3 DE 1250KVASUB ESTACIÓN #1
MQ35100;GINEBRA;FRESADORA;FRESADORA ROMI D800;121315;ACTIVO ;ROMI;BRAZIL;2017;D600;016-020046-450;5800;220;----;----;TRAFO #3 DE 1250KVASUB ESTACIÓN #1
MQ35096;GINEBRA;FRESADORA;FRESADORA LEADWELL;121558;ACTIVO ;LEADWELL;CHINA;2013;V-50L;21A00228;----;220;----;----;TRAFO #3 DE 1250KVASUB ESTACIÓN #1
MQ35067;GINEBRA;IMPRESORA;IMPRESORA POLYTYPE #2  35067 ;122678;ACTIVO ;POLYTYPE WIFAG;----;1997;BDM 301R;----;----;440;----;----;TRAFO #3 DE 1500KVASUB ESTACIÓN #2
MQ35041;GINEBRA;IMPRESORA;IMPRESORA POLYTYPE #1  35041;122309;ACTIVO ;POLYTYPE WIFAG;----;1996;----;----;----;440;----;----;TRAFO #3 DE 1500KVASUB ESTACIÓN #2
MQ35072;GINEBRA;EXTRUSORA;EXTRUSORA REIFENHAUSER MIREX;122458;ACTIVO ;Reifenhäuser ;ALEMANIA;----;----;----;----;440;----;----;TRAFO #3 DE 1500KVASUB ESTACIÓN #2
MQ35032;GINEBRA;TERMOENCOGIBLE;TERMO ENCOGIBLE KARLVILLE #2;122021;ACTIVO ;KARLVILLE DEVELOPMENT;EEUU;2008;SLEEVEPRO200;8006;----;440;----;----;TRAFO #3 DE 1500KVASUB ESTACIÓN #2
MQ35031;GINEBRA;TERMOENCOGIBLE;TERMO ENCOGIBLE KARLVILLE #1;120335;ACTIVO ;KARLVILLE DEVELOPMENT;EEUU;2008;SLEEVEPRO200;8007;----;440;----;----;TRAFO #3 DE 1500KVASUB ESTACIÓN #2
MQ01524;GINEBRA;TERMOFORMADORA;TERMOFORMADORA ILLIG RDM  3710;121413/12204;ACTIVO ;ADOLF ILLIG MASCHINENBAU GMBH & CO;ALEMANIA;1976;RDM37/10;----;----;----;----;----;----
NA-007;GINEBRA;SELLADORA;SELLADORA DE CAJAS;----;ACTIVO ;COMARME MARCHETTI F.A;ITALIA;2008;GEM 350;AC029793;152;----;----;----;----
NA-001;GINEBRA;SEPARADORA;SEPARADORA DE TAPAS;121229;ACTIVO ;----;----;----;----;----;----;----;----;----;----
NA-002;GINEBRA;TROMBEL;TROLBEL #4;122312;ACTIVO ;----;----;----;----;----;----;----;----;----;----
NA-003;GINEBRA;TROMBEL;TROLBEL #3;120569;ACTIVO ;----;----;----;----;----;----;----;----;----;----
NA-004;GINEBRA;TROMBEL;TROMBEL #1 Y #2;120088;ACTIVO ;----;----;----;----;----;----;----;----;----;----
NA-005;GINEBRA;MANDRIL;MANDRIL;121571;ACTIVO ;----;----;----;----;----;----;----;----;----;----
NA-006;GINEBRA;ESMERIL;ESMERIL;120810;ACTIVO ;----;----;----;----;----;----;----;----;----;----
MQ35101;GINEBRA;TORNO;TORNO ROMI 3;122513;ACTIVO ;ROMI;BRAZIL;2017;C420;016-019996-448;2800;----;----;----;----
MQ35102;GINEBRA;FRESADORA;FIRST FRESADORA;122668;ACTIVO ;FIRST;CHINA;2015;LC-186VN-B;40904479;1300;----;----;----;----
NA-008;GINEBRA;SIERRA;SIERRA ELECTRICA;121220;ACTIVO ;IMOCOM;COLOMBIA;----;----;----;----;----;----;----;----
MQ35021;GINEBRA;RECTIFICADORA;RECTIFICADORA KENT;121654;ACTIVO ;HERRATEC S.A.;COLOMBIA;----;----;----;----;----;----;----;----
MQ15610;GINEBRA;MOLINO;MOLINO OPTIMA;122301;ACTIVO;----;----;----;----;----;----;440;----;----;TRAFO #1 DE 1000KVASUB ESTACIÓN #1
MQ35094;GINEBRA;MOLINO;MOLINO SEIBT;120957;ACTIVO;SEIBT;----;----;----;----;----;440;----;----;TRAFO #1 DE 1000KVASUB ESTACIÓN #1
NA-009;GINEBRA;ELECTROEROSIONADORA;ELECTROEROSIONADORA NT250;122009;ACTIVO ;----;----;----;D-7125;1501043;1000;----;----;----;----
MQ35200;CARTON;FORMADO DE VASOS;PAPER CUP FORMING MACHINE;138260;ACTIVO;ACEPACK CO., LTD.;COREA;----;EAGLE-1800;9.36E+13;8500;220;----;----;Transformado secundario 440v a 220v  (Serie 24104848)
MQ35205;CARTON;FORMADO DE VASOS;PAPER CUP FORMING MACHINE;123041;ACTIVO;ACEPACK CO., LTD.;COREA;----;EAGLE-1800;9.50E+13;8500;220;----;----;Transformado secundario 440v a 220v  (Serie 24104848)
MQ35238;CARTON;FORMADORA DE TAPAS DE PAPEL 1;PAPER LID MACHINE;122089;ACTIVO;WENZHOU OICHEN INDUSTRY&TRADE;CHINA;2022;PL-145;QC22WY0106-02;2700;220;----;----;Transformado secundario 440v a 220v  (Serie 24104848)
MQ35239;CARTON;FORMADORA DE TAPAS DE PAPEL 2;PAPER LID MACHINE;21095;ACTIVO;WENZHOU QICHEN INDUSTRY&TRADE;CHINA;2022;PL-145;QC22WY0106-01;2700;220;----;----;Transformado secundario 440v a 220v  (Serie 24104848)
MQ35056;CARTON;DESCARTONADORA;STRIPPING MACHINE;122591;ACTIVO;WENZHOU QIANDING PRITING MACHINERY;CHINA;2021;QDQF-1080R;20714;----;220;----;----;Transformado secundario 440v a 220v  (Serie 24104848)
MQ35210;CARTON;PUNZONADORA DE FONDOS DE VASOS;PAPER PUNCHING MACHINE;121823;ACTIVO;TONG SHIN PACK;COREA;42999;TSPC-1000;WS20170921 - Col - 1;----;220;----;----;Transformado secundario 440v a 220v  (Serie 24104848)
MQ35211;CARTON;PUNZONADORA DE FONDOS DE VASOS;PAPER PUNCHING MACHINE;120410;ACTIVO;TONG SHIN PACK;COREA;44924;TSPC-1000;WS20221229 - Col - 3;----;220;----;----;Transformado secundario 440v a 220v  (Serie 24104848)
MQ35320;CARTON;FORMADO DE VASOS;HIGH SPEED INTELLIGENT  PAPER CUP MACHINE;119900;ACTIVO;NewTop;CHINA;2023;DEBAO-138S;1188220340-33;3400;380;----;----;Transformado secundario 440v a 380v (Serie 23044371)
MQ35297;CARTON;FORMADO DE VASOS;HIGH SPEED INTELLIGENT  PAPER CUP MACHINE;119852;ACTIVO;NewTop;CHINA;2022;DEBAO-138S;118S210520-15;3400;380;----;----;Transformado secundario 440v a 380v (Serie 23044371)
MQ35296;CARTON;FORMADO DE VASOS;HIGH SPEED INTELLIGENT  PAPER CUP MACHINE;120102;ACTIVO;NewTop;CHINA;2022;DEBAO-138S;118S210520-16;3400;380;----;----;Transformado secundario 440v a 380v (Serie 23044371)
MQ35310;CARTON;FORMADO DE VASOS;HIGH SPEED INTELLIGENT  PAPER CUP MACHINE;122283;ACTIVO;NewTop;CHINA;2022;DEBAO-138S;118S210420-05;3400;380;----;----;Transformado secundario 440v a 380v (Serie 23044371)
MQ35300;CARTON;FORMADO DE VASOS;HIGH SPEED INTELLIGENT  PAPER CUP MACHINE;121627;ACTIVO;NewTop;CHINA;2022;DEBAO-138S;118S210420-04;3400;380;----;----;Transformado secundario 440v a 380v (Serie 23044371)
MQ35234;CARTON;FORMADORA DE CAJAS DE CARTON;PAPER CARTON ERECTING FORMING MACHINE;121342;ACTIVO;Kunshan Plastic Machinery Manufacturing;CHINA;44638;AYBOX600SL-2L;Colombia-2022-04;1800;380;----;----;Transformado secundario 440v a 380v (Serie 23044371)
MQ35235;CARTON;FORMADORA DE CAJAS DE CARTON;PAPER CARTON ERECTING FORMING MACHINE;122638;ACTIVO;Kunshan Plastic Machinery Manufacturing;CHINA;44638;AYBOX600SL-2L;Colombia-2022-03;1800;380;----;----;Transformado secundario 440v a 380v (Serie 23044371)
MQ35236;CARTON;FORMADORA DE CAJAS DE CARTON;PAPER CARTON ERECTING FORMING MACHINE;123027;ACTIVO;Kunshan Plastic Machinery Manufacturing;CHINA;44638;AYBOX600SL-2L;Colombia-2022-02;1800;380;----;----;Transformado secundario 440v a 380v (Serie 23044371)
MQ35237;CARTON;FORMADORA DE CAJAS DE CARTON;PAPER CARTON ERECTING FORMING MACHINE;122196;ACTIVO;Kunshan Plastic Machinery Manufacturing;CHINA;44638;AYBOX600SL-2L;Colombia-2022-01;1800;380;----;----;Transformado secundario 440v a 380v (Serie 23044371)
MQ35223;CARTON;CORTADORA LONGITUDINAL DE BOBINAS (SLITTER);PAPER SLITING MAGHNE;----;ACTIVO;RuiZe;CHINA;44552;JS-SR1600;G211129FQ;4000;380;----;----;Transformado secundario 440v a 380v (Serie 23044371)
MQ45510;CARTON;IMPRESORA FLEXOGRAFICA;DOWELL;120722;ACTIVO;DOWELL PRINTING EQUIPMENT CO., LTD;COREA;44886;MF-550S2;DW-M2211001;----;380;----;----;Transformado secundario 440v a 380v (Serie 23044371)
MQ35057;CARTON;CARTON FORMADO PLATOS;MINGLIANG ML600Y;121038;ACTIVO;WENZHOU MINGLIANG;CHINA;----;ML600Y;----;1600;380;----;----;Transformado secundario 440v a 380v (Serie 23044371)
MQ35221;CARTON;CARTON FORMADO BOWLS;HIGH SPEED INTELLIGENT PAPER CUP MACHINE DEBAO-1250S;120409;ACTIVO;Zhejiang New Debeo Machinery Co;CHINA;2021;DEBAO-1250S;1250S2003100-S;3400;380;----;----;Transformado secundario 440v a 380v (Serie 23044371)
MQ35222;CARTON;CARTON FORMADO BOWLS;HIGH SPEED INTELLIGENT PAPER CUP MACHINE DEBAO-5000S #2;----;ACTIVO;Zhejiang New Debeo Machinery Co;CHINA;2021;DEBAO-5000S;5000S210130-07;4500;380;----;----;Transformado secundario 440v a 380v (Serie 23044371)
MQ35220;CARTON;CARTON FORMADO BOWLS;HIGH SPEED INTELLIGENT PAPER CUP MACHINE DEBAO-5000S #1;122983;ACTIVO;Zhejiang New Debeo Machinery Co;CHINA;2021;DEBAO-5000S;5000S200120-18;4500;380;----;----;Transformado secundario 440v a 380v (Serie 23044371)
MQ35201;CARTON;FORMADO DE BOWLS ;FULL SERVO DRIVEN PAPER BOWL MACHINE;----;ACTIVO;XINZHITE;CHINA;45985;XZT-150W;2025 90;4200;440;----;----;Transformador principal TRF #1 1600 kVA, 440V (DE 34,5KV A 440V)
MQ35202;CARTON;TROQUELADORA AUTOMÁTICA;AUTOMATIC DIE PUNCHING MACHINE - CQ1000;----;ACTIVO;----;----;----;----;H-25N1107;----;440;----;----;Transformador principal TRF #1 1600 kVA, 440V (DE 34,5KV A 440V)
MQ35196;CARTON;CARTON FORMADO VASOS;FULL SERVO DRIVEN PAPER CUP MACHINE NEWSMART 200;138205;ACTIVO;Wenzhou Newsmart Machinery Co;CHINA;45545;Newsmart 200;2024106;3000;380;----;----;Transformador principal TRF #1 1600 kVA, 440V (DE 34,5KV A 440V)
MQ35203;CARTON;FORMADO DE VASOS;FULL SERVO DRIVEN PAPER CUP MACHINE;----;ACTIVO ;XINZHITE;CHINA;45985;XZT-150L;2025 89;3000;440;----;----;----
MQ035060;CARTON;TROQUELADORA DE CARTON;ZHEJIANG FEIDA MACHINERY;119903;INACTIVO;----;CHINA;2022;----;928;----;440;----;----;----
MQ035055;CARTON;TROQUELADORA DE CARTON;DAKIOU;120593;ACTIVO;ZHEJIANG RUIAN DAQIAO PACKAGING MACHINERY;CHINA;2021;PY-950H;MQJ200215;7800;380;----;----;----
MQ45600;CARTON;IMPRESORA OFFSET;BLANK OFFSET PRINTING M/C;120277;INACTIVO;CHANG DAE ENGINEERING;COREA;2022;OSPM-1100;CD-202205-HWI;----;380;----;----;----
